{
  "hash": "27b56d68",
  "configHash": "3f4c7d81",
  "lockfileHash": "9f8d9172",
  "browserHash": "881b6f59",
  "optimized": {
    "@angular/common": {
      "src": "../../../../../../node_modules/@angular/common/fesm2022/common.mjs",
      "file": "@angular_common.js",
      "fileHash": "be6ad582",
      "needsInterop": false
    },
    "@angular/common/http": {
      "src": "../../../../../../node_modules/@angular/common/fesm2022/http.mjs",
      "file": "@angular_common_http.js",
      "fileHash": "8d001ca1",
      "needsInterop": false
    },
    "@angular/core": {
      "src": "../../../../../../node_modules/@angular/core/fesm2022/core.mjs",
      "file": "@angular_core.js",
      "fileHash": "2183ece7",
      "needsInterop": false
    },
    "@angular/forms": {
      "src": "../../../../../../node_modules/@angular/forms/fesm2022/forms.mjs",
      "file": "@angular_forms.js",
      "fileHash": "4966fd2b",
      "needsInterop": false
    },
    "@angular/platform-browser": {
      "src": "../../../../../../node_modules/@angular/platform-browser/fesm2022/platform-browser.mjs",
      "file": "@angular_platform-browser.js",
      "fileHash": "32ca7918",
      "needsInterop": false
    },
    "@angular/router": {
      "src": "../../../../../../node_modules/@angular/router/fesm2022/router.mjs",
      "file": "@angular_router.js",
      "fileHash": "a82d0ae7",
      "needsInterop": false
    },
    "rxjs": {
      "src": "../../../../../../node_modules/rxjs/dist/esm5/index.js",
      "file": "rxjs.js",
      "fileHash": "f4312649",
      "needsInterop": false
    },
    "rxjs/operators": {
      "src": "../../../../../../node_modules/rxjs/dist/esm5/operators/index.js",
      "file": "rxjs_operators.js",
      "fileHash": "411c4047",
      "needsInterop": false
    }
  },
  "chunks": {
    "chunk-Y72BVZ32": {
      "file": "chunk-Y72BVZ32.js"
    },
    "chunk-N5TSOK5D": {
      "file": "chunk-N5TSOK5D.js"
    },
    "chunk-NDWSHPHP": {
      "file": "chunk-NDWSHPHP.js"
    },
    "chunk-TK5NQUFR": {
      "file": "chunk-TK5NQUFR.js"
    },
    "chunk-XZO76R2V": {
      "file": "chunk-XZO76R2V.js"
    },
    "chunk-WZZJOV5G": {
      "file": "chunk-WZZJOV5G.js"
    },
    "chunk-DHFOCCO5": {
      "file": "chunk-DHFOCCO5.js"
    }
  }
}